Keyword,Text_Clean,Text_Segmented,Created_At
Kinh tế,pi sinh định giá mua sàn phương tiện tài dắt ta web 3 blockchain vs giới kinh tế tài bla mẹ mắt quỹ 100tr đô pi cổ 11 083 bọn ngáo hô to,pi sinh định_giá mua sàn phương_tiện tài dắt ta web 3 blockchain vs giới kinh_tế tài bla mẹ mắt quỹ 100tr đô pi cổ 11 083 bọn ngáo hô to,2025-05-15 11:01:32+00:00
Kinh tế,hoa kỳ tiếp tục trung quốc lợi dụng hút máu kinh tế hoa kỳ trung quốc đối thủ gờm tương lai trung quốc hất cảng hoa kỳ ấn độ thái bình dương,hoa_kỳ tiếp_tục trung_quốc lợi_dụng hút máu kinh_tế hoa_kỳ trung_quốc đối_thủ gờm tương_lai trung_quốc hất cảng hoa_kỳ ấn_độ thái_bình dương,2025-05-15 11:00:02+00:00
Kinh tế,lịch họp fomc 2025 công bố lãi suất quan trọng 17186 16179 91012 dõi kỹ cập nhật thông kinh tế quan trọng quyết định đầu tư phù hợp fomc lichhopfomc laisuat taichinh kinhte fed,lịch họp fomc 2025 công_bố lãi_suất quan_trọng 17186 16179 91012 dõi kỹ cập_nhật thông kinh_tế quan_trọng quyết_định đầu_tư phù_hợp fomc lichhopfomc laisuat taichinh kinhte fed,2025-05-15 10:55:19+00:00
Kinh tế,chụp ảnh giá trị kinh tế,chụp ảnh giá_trị kinh_tế,2025-05-15 10:44:28+00:00
Kinh tế,155 giá xăng chỉnh 2,155 giá xăng chỉnh 2,2025-05-15 10:36:30+00:00
Kinh tế,mùa kinh tế phát triển giá trị btc vận hành doanh nghiệp áp dụng blockchain eth sol avax chainlink tung,mùa kinh_tế phát_triển giá_trị btc vận_hành doanh_nghiệp áp_dụng blockchain eth sol avax chainlink tung,2025-05-15 10:35:43+00:00
Kinh tế,nga kinh tế luật sư ta sĩ kỹ sư 53 sinh viên học hình thức học phí hầu kinh tế,nga kinh_tế luật_sư ta sĩ kỹ_sư 53 sinh_viên học hình_thức học_phí hầu kinh_tế,2025-05-15 10:34:01+00:00
Kinh tế,24 thị trường trump ký thỏa thuận 12 nghìn tỷ usd boeing lập kỳ tích kinh tế tq phát tín hiệu nguy hiểm sẵn sàng tiếp,24 thị_trường trump ký thoả_thuận 12 nghìn tỷ usd boeing lập kỳ_tích kinh_tế tq phát tín_hiệu nguy_hiểm sẵn_sàng tiếp,2025-05-15 10:29:31+00:00
Kinh tế,kinh tế phát cảnh báo michael saylor sốt mua bitcoin tintucbitcoin bitcoin floppypepe michaelsaylor,kinh_tế phát cảnh_báo michael saylor sốt mua bitcoin tintucbitcoin bitcoin floppypepe michaelsaylor,2025-05-15 10:18:02+00:00
Kinh tế,thủ tướng barbados mia amor mottley kêu gọi xây dựng hệ thống thương mại đa phương công yếu tố sống quốc gia phát triển giúp thúc đẩy ổn định kinh tế hợp tác trì minh bạch,thủ_tướng barbados mia amor mottley kêu_gọi xây_dựng hệ_thống thương_mại đa_phương công yếu_tố sống quốc_gia phát_triển giúp thúc_đẩy ổn_định kinh_tế hợp_tác trì minh_bạch,2025-05-15 10:14:44+00:00
Kinh tế,đăng 1 mạng tiền điện tử giverep giverepairdrop givereployalty đăng 2 blockchain công nghệ cải giới tài kinh tế giverep giverepairdrop givereployalty,đăng 1 mạng tiền điện_tử giverep giverepairdrop givereployalty đăng 2 blockchain công_nghệ cải giới tài kinh_tế giverep giverepairdrop givereployalty,2025-05-15 10:08:06+00:00
Kinh tế,tập phân tích hiệu lệnh trừng phạt phương tây đối nga khám phá lý bất chấp áp lực lịch sử kinh tế nga tiếp tục trưởng,tập phân_tích hiệu_lệnh trừng_phạt phương tây đối nga khám_phá lý bất_chấp áp_lực lịch_sử kinh_tế nga tiếp_tục trưởng,2025-05-15 10:02:21+00:00
Kinh tế,alva biến động thị trường tối cực kỳ loạt liệu kinh tế mỹ ppi lẻ phát biểu chủ tịch fed powell thể tháo đảo chiều tâm lý hoảng loạn kỳ vọng sách diễn biến trái chiều,alva biến_động thị_trường tối cực_kỳ loạt liệu kinh_tế mỹ ppi lẻ phát_biểu chủ_tịch fed powell thể tháo đảo chiều tâm_lý hoảng_loạn kỳ_vọng sách diễn_biến trái chiều,2025-05-15 09:53:28+00:00
Kinh tế,qatar tổng thống donald j trump ký thỏa thuận qatar trao đổi kinh tế trị giá 12 ngàn tỷ đô la tòa bạch ốc thông báo thỏa thuận tài liệu nêu công ty hoa kỳ qatar thỏa,qatar tổng_thống donald j trump ký thoả_thuận qatar trao_đổi kinh_tế trị_giá 12 ngàn tỷ đô_la toà bạch ốc thông_báo thoả_thuận tài_liệu nêu công_ty hoa_kỳ qatar thoả,2025-05-15 09:30:27+00:00
Kinh tế,mục đích chủ công nghệ đẩy kinh tế tư nhân,mục_đích chủ_công nghệ đẩy kinh_tế tư_nhân,2025-05-15 09:28:34+00:00
Kinh tế,aid alpha harvest chương trình thử nghiệm mainnet tiềm năng viết tắt gpu amp financialization gaib tảng tài phi tập trung tiên phong xây dựng lớp kinh tế trí tuệ nhân năng lực toán,aid alpha harvest chương_trình thử_nghiệm mainnet tiềm_năng viết tắt gpu amp financialization gaib tảng tài phi tập_trung tiên_phong xây_dựng lớp kinh_tế trí_tuệ nhân năng_lực toán,2025-05-15 09:26:56+00:00
Kinh tế,bitcoin dao động quanh giá quen phiên cửa phố wall 145 giới đầu tư thận trọng chờ đợi tín hiệu kinh tế vĩ mô hoa kỳ,bitcoin dao_động quanh giá quen phiên cửa phố wall 145 giới đầu_tư thận_trọng chờ_đợi tín_hiệu kinh_tế vĩ_mô hoa_kỳ,2025-05-15 09:12:50+00:00
Kinh tế,kinh tế khủng hoảng việt cộng quyết vụ tiếng phát triển tham nhũng khủng trung quấc thâu tóm việt nam mau,kinh_tế khủng_hoảng việt cộng quyết vụ tiếng phát_triển tham_nhũng khủng trung quấc thâu_tóm việt_nam mau,2025-05-15 09:10:19+00:00
Kinh tế,thể vũ khí đồng giàu uranium thiết mục đích dân phép tra viên quốc tế giám sát trình đổi dỡ lập tức lệnh trừng phạt kinh tế đối iran,thể vũ_khí đồng giàu uranium thiết mục_đích dân phép tra viên quốc_tế giám_sát trình đổi dỡ lập_tức lệnh trừng_phạt kinh_tế đối iran,2025-05-15 09:06:36+00:00
Kinh tế,trung quốc công bố chi tiết chế đối thoại thương mại mỹ nhấn cam kết giải quyết vấn đề kinh tế đối thoại đi thể hiện hợp tác bối cảnh toàn cầu thay đổi chóng,trung_quốc công_bố chi_tiết chế đối_thoại thương_mại mỹ nhấn cam_kết giải_quyết vấn_đề kinh_tế đối_thoại đi thể_hiện hợp_tác bối_cảnh toàn_cầu thay_đổi chóng,2025-05-15 09:06:28+00:00
Kinh tế,ngân hàng nhân dân trung quốc cắt tỷ lệ dự trữ bắt buộc rrr bắt đầu 1552024 bơm 1 nghìn tỷ nhân dân tệ thị trường động thái ổn định tài hỗ trợ doanh nghiệp thúc đẩy trưởng kinh tế,ngân_hàng nhân_dân trung_quốc cắt tỷ_lệ dự_trữ bắt_buộc rrr bắt_đầu 1552024 bơm 1 nghìn tỷ nhân_dân_tệ thị_trường động_thái ổn_định tài hỗ_trợ doanh_nghiệp thúc_đẩy trưởng kinh_tế,2025-05-15 09:06:13+00:00
Kinh tế,họp 31 trưởng thương mại apec diễn jeju hàn quốc bối cảnh kinh tế toàn cầu thách thức trưởng khu vực apec dự báo 26 2025 hợp tác đổi thươ,họp 31 trưởng thương_mại apec diễn jeju hàn_quốc bối_cảnh kinh_tế toàn_cầu thách_thức trưởng khu_vực apec dự_báo 26 2025 hợp_tác đổi thươ,2025-05-15 09:05:13+00:00
Kinh tế,hôm tư 145 trắng loan báo hoa kỳ qatar thỏa thuận 12 nghìn tỷ usd trao đổi kinh tế,hôm tư 145 trắng loan_báo hoa_kỳ qatar thoả_thuận 12 nghìn tỷ usd trao_đổi kinh_tế,2025-05-15 09:00:09+00:00
Kinh tế,bitcoin tiếp tục giao dịch ngang 104000 bối cảnh thị trường chứng khoán lạnh giá chờ đợi diễn biến tiếp mặt thương mại liệu kinh tế btc xscomvietnam,bitcoin tiếp_tục giao_dịch ngang 104000 bối_cảnh thị_trường_chứng_khoán lạnh_giá chờ_đợi diễn_biến tiếp mặt thương_mại liệu kinh_tế btc xscomvietnam,2025-05-15 08:59:00+00:00
Kinh tế,chất gamefi ngách defi phép khoác áo màu sắc thiên biến kinh tế bền vững gamefi xuất hiện chắn defi chép gdollarve33,chất gamefi ngách defi phép khoác_áo màu_sắc thiên biến kinh_tế bền_vững gamefi xuất_hiện chắn defi chép gdollarve33,2025-05-15 08:15:31+00:00
Kinh tế,ngoại trưởng đan mạch lars lokke rasmussen thăm trung quốc đại lục 1720 chuyến đi hứa hẹn củng cố quan hệ ngoại giao thúc đẩy hợp tác trị kinh tế văn hóa dõi sức ngoại,ngoại_trưởng đan_mạch lars lokke rasmussen thăm trung_quốc đại_lục 1720 chuyến đi hứa_hẹn củng_cố quan_hệ ngoại_giao thúc_đẩy hợp_tác trị kinh_tế văn_hoá dõi sức ngoại,2025-05-15 08:07:32+00:00
Kinh tế,hàng vận tải biển mỹ trung quốc 300 thuế quan vizion phục hồi tích cực thương mại niềm quan hệ kinh tế hai quốc gia,hàng vận_tải_biển mỹ trung_quốc 300 thuế_quan vizion phục_hồi tích_cực thương_mại niềm quan_hệ kinh_tế hai quốc_gia,2025-05-15 08:07:00+00:00
Kinh tế,thương mại trung quốc thiết lập chế đàm phán thương mại mỹ trung quốc sẵn sàng giải quyết quan hệ kinh tế thương mại thông kênh thức,thương_mại trung_quốc thiết_lập chế đàm_phán thương_mại mỹ trung_quốc sẵn_sàng giải_quyết quan_hệ kinh_tế thương_mại thông kênh thức,2025-05-15 08:06:44+00:00
Kinh tế,trưởng kinh tế đức thắng chiến thương mại ủng hộ ủy ban châu âu,trưởng kinh_tế đức thắng chiến_thương mại ủng_hộ uỷ_ban châu_âu,2025-05-15 08:06:38+00:00
Kinh tế,kinh tế cruise thúc đẩy phát triển mẽ du lịch dịch vụ trung quốc phục hồi sách tiện lợi hội du lịch trở phong phú hệ trẻ hướng đi trải,kinh_tế cruise thúc_đẩy phát_triển mẽ du_lịch dịch_vụ trung_quốc phục_hồi sách tiện_lợi hội du_lịch trở phong_phú hệ trẻ hướng đi trải,2025-05-15 08:05:31+00:00
Kinh tế,dõi kinh tế lựa,dõi kinh_tế lựa,2025-05-15 08:01:33+00:00
Kinh tế,gia bất ổn thương mại dự báo áp lực kinh tế giới kéo nhu cầu dầu suy iea báo cáo thị trường dầu 05,gia bất_ổn thương_mại dự_báo áp_lực kinh_tế giới kéo nhu_cầu dầu suy iea báo_cáo thị_trường dầu 05,2025-05-15 08:01:13+00:00
Kinh tế,lịch kinh tế hôm 1930 ppi doanh lẻ đề nghị trợ thất nghiệp ppi dự báo tiêu cực crypto 1940 chủ tịch fed powell phát biểu fed btc,lịch kinh_tế hôm 1930 ppi doanh lẻ đề_nghị_trợ thất_nghiệp ppi dự_báo tiêu_cực crypto 1940 chủ_tịch fed powell phát_biểu fed btc,2025-05-15 07:15:39+00:00
Kinh tế,tổng thống trump 243 tỷ usd qatar thỏa thuận khủng chuyến thăm qatar 1405 trump thỏa thuận trị giá 2435 tỷ usd trắng đệm hướng cam kết kinh tế 1200 tỷ usd qatar nhấn,tổng_thống trump 243 tỷ usd qatar thoả_thuận khủng chuyến thăm qatar 1405 trump thoả_thuận trị_giá 2435 tỷ usd trắng đệm hướng cam_kết kinh_tế 1200 tỷ usd qatar nhấn,2025-05-15 07:06:42+00:00
Kinh tế,cảnh báo lịch kinh tế tối thị trường xoay chong chóng dự kiến 1 tỉ usdt lý tối cảnh báo nhồi lệnh lệnh liên tục khung nguy hiểm 19h30 21h00 liên tục thịt,cảnh_báo lịch kinh_tế tối thị_trường xoay chong_chóng dự_kiến 1 tỉ usdt lý tối cảnh_báo nhồi lệnh lệnh liên_tục khung nguy_hiểm 19h30 21h00 liên_tục thịt,2025-05-15 07:05:53+00:00
Kinh tế,nxpc token giao thức web3 ip maplestory universe nexpace nxpc token gốc nexpace giao thức web3 rộng ip maplestory universe tích hợp blockchain tái định nghĩa kinh tế game mmorpg,nxpc token giao_thức web3 ip maplestory universe nexpace nxpc token gốc nexpace giao_thức web3 rộng ip maplestory universe tích_hợp blockchain tái định_nghĩa kinh_tế game mmorpg,2025-05-15 07:05:21+00:00
Kinh tế,dự thảo nghị quyết phát triển kinh tế tư nhân quy định tra kiểm tra doanh nghiệp hộ kinh doanh 1 lầnnăm trừ trường hợp chứng vi phạm ràng đồng thời ưu tiên khắc phục hậu kinh tế thay xử lý hình,dự_thảo nghị_quyết phát_triển kinh_tế tư_nhân quy_định_tra kiểm_tra doanh_nghiệp hộ kinh_doanh 1 lầnnăm trừ trường_hợp chứng vi_phạm ràng đồng_thời ưu_tiên khắc_phục hậu kinh_tế thay xử_lý hình,2025-05-15 06:59:53+00:00
Thương mại,trưởng thương mại apec họp bối cảnh chiến thuế quan leo thang,trưởng thương_mại apec họp bối_cảnh chiến thuế_quan leo_thang,2025-05-15 09:51:35+00:00
Thương mại,thị trường toàn cầu đà thỏa thuận mỹtrung tiến triển đẹp liệu khởi đầu chu kỳ giá đợt phục hồi ngắn hạn dooprime thitruong chungkhoan,thị_trường toàn_cầu đà thoả_thuận mỹtrung tiến_triển đẹp liệu khởi_đầu chu_kỳ giá đợt phục_hồi ngắn_hạn dooprime thitruong chungkhoan,2025-05-15 09:07:46+00:00
Thương mại,1 trung quốc kêu gọi mỹ chấm dứt áp thuế 232 đối hàng hóa ô tô thép nhôm thuốc nhập khẩu 2 trung quốc trích mẽ biện pháp mỹ hành động đơn phương bảo hộ thương mại tổn hại quyền lợi c,1 trung_quốc kêu_gọi mỹ chấm_dứt áp_thuế 232 đối hàng_hoá ô_tô thép nhôm thuốc nhập_khẩu 2 trung_quốc trích mẽ biện_pháp mỹ hành_động đơn_phương bảo_hộ thương_mại tổn_hại quyền_lợi c,2025-05-15 08:28:26+00:00
Thương mại,tổng thống trump ấn độ đề xuất thỏa thuận thương mại hoa kỳ xóa thuế quan đối mặt hàng mỹ,tổng_thống trump ấn_độ đề_xuất thoả_thuận thương_mại hoa_kỳ xoá thuế_quan đối mặt_hàng mỹ,2025-05-15 08:17:05+00:00
Thương mại,nam toàn cầu đứng đấu tranh thương mại công phát triển thuế quan hoa kỳ kêu gọi tôn trọng quyền sống đồng thời xây dựng liên minh khám phá thị trườn,nam toàn_cầu đứng đấu_tranh thương_mại công phát_triển thuế_quan hoa_kỳ kêu_gọi tôn_trọng quyền sống đồng_thời xây_dựng liên_minh khám_phá thị trườn,2025-05-15 08:07:17+00:00
Thương mại,thương mại trung quốc thiết lập chế đàm phán thương mại mỹ công bố thông thời hợp,thương_mại trung_quốc thiết_lập chế đàm_phán thương_mại mỹ công_bố thông thời hợp,2025-05-15 08:06:53+00:00
Thương mại,tổng thống mỹ trump ấn độ đề xuất thỏa thuận thương mại hoa kỳ xóa thuế quan đối mặt hàng mỹ,tổng_thống mỹ trump ấn_độ đề_xuất thoả_thuận thương_mại hoa_kỳ xoá thuế_quan đối mặt_hàng mỹ,2025-05-15 07:59:25+00:00
Thương mại,cân thương mại ngoại ngoại vn tiếc ôi vn lừa hk dân vn đi,cân thương_mại ngoại ngoại vn tiếc ôi vn lừa hk dân vn đi,2025-05-15 07:56:22+00:00
Thương mại,ủy viên thương mại eu šefčovič trưởng thương mại lutnick họp oecd họp hội đồng trưởng oecd diễn 3 4 6 eu mỹ đồng cường liên lạc đàm phán thương mại,uỷ_viên thương_mại eu šefčovič trưởng thương_mại lutnick họp oecd họp hội_đồng trưởng oecd diễn 3 4 6 eu mỹ đồng cường liên_lạc đàm_phán thương_mại,2025-05-15 07:40:49+00:00
Thương mại,sefcovic eu eu mỹ đồng cường liên lạc đàm phán thương mại,sefcovic eu eu mỹ đồng cường liên_lạc đàm_phán thương_mại,2025-05-15 07:39:13+00:00
Thương mại,trưởng thương mại hàn quốc đề nghị đại diện mexico nỗ lực sức thỏa thuận thương mại mỹ doanh nghiệp hàn quốc hoạt động quốc gia,trưởng thương_mại hàn_quốc đề_nghị đại_diện mexico nỗ_lực sức thoả_thuận thương_mại mỹ doanh_nghiệp hàn_quốc hoạt_động quốc_gia,2025-05-15 07:34:28+00:00
Thương mại,trưởng thương mại hàn quốc đề nghị đồng việt nam tích cực kiếm đàm phán mỹ,trưởng thương_mại hàn_quốc đề_nghị đồng việt_nam tích_cực kiếm đàm_phán mỹ,2025-05-15 07:34:17+00:00
Thương mại,tiền tệ châu giá đầu won hàn quốc đồng đô la mỹ suy yếu bối cảnh bất ổn thương mạ,tiền_tệ châu giá đầu won hàn_quốc đồng đô_la mỹ suy_yếu bối_cảnh bất_ổn thương mạ,2025-05-15 07:28:40+00:00
Thương mại,capital economics đánh giá tình hình thuế quan mỹ bối cảnh căng thẳng thương mại hạ nhiệt,capital economics đánh_giá tình_hình thuế_quan mỹ bối_cảnh căng_thẳng thương_mại hạ nhiệt,2025-05-15 07:26:55+00:00
Thương mại,trump trưởng thương mại lutnick tưởng quỹ đầu tư quốc gia nợ thành lập quỹ đầu tư quốc gia,trump trưởng thương_mại lutnick tưởng quỹ đầu_tư quốc_gia nợ thành_lập quỹ đầu_tư quốc_gia,2025-05-15 07:16:32+00:00
Thương mại,mỹ ngậm đắng nuốt cay brazil cướp thị căng thẳng thương mại tạm lắng nông dân mỹ thừa brazil chiếm thị đậu nành trung quốc học thị trường like ngạc nhiên brazil vietnam news,mỹ ngậm_đắng_nuốt_cay brazil cướp thị căng_thẳng thương_mại tạm lắng nông_dân mỹ thừa brazil chiếm thị đậu_nành trung_quốc học thị_trường like ngạc_nhiên brazil vietnam news,2025-05-15 07:15:44+00:00
Thương mại,nhật dự định thăm washington tuần vòng đàm phán thương mại reuters,nhật dự_định thăm washington tuần vòng đàm_phán thương_mại reuters,2025-05-15 06:59:31+00:00
Thương mại,đàm phán thương mại hoa kỳ trung quốc họp hàn quốc quan chức mỹ trung quốc bao đại diện thương mại mỹ jamieson greer đại diện trung quốc li chenggang jeju hàn quốc thảo luận,đàm_phán thương_mại hoa_kỳ trung_quốc họp hàn_quốc quan_chức mỹ trung_quốc bao đại_diện thương_mại mỹ jamieson greer đại_diện trung_quốc li chenggang jeju hàn_quốc thảo_luận,2025-05-15 06:53:18+00:00
Thương mại,thuế quan trump ảnh hưởng ngành thương mại kim cương trang sức trị giá 30 tỷ đô la ấn độ thuế nhập khẩu donald trump áp thể xuất khẩu kim cương trang sức ấn độ mỹ 50 xuất kh,thuế_quan trump ảnh_hưởng ngành thương_mại kim_cương trang_sức trị_giá 30 tỷ đô_la ấn_độ thuế nhập_khẩu donald trump áp thể xuất_khẩu kim_cương trang_sức ấn_độ mỹ 50 xuất kh,2025-05-15 06:45:19+00:00
Thương mại,trung tâm thương mại bậc seoul chạy biển chào mừng hector chào mừng xong móc túi kiểu chụp hình túi nhân 2 túi,trung_tâm thương_mại bậc seoul chạy biển chào_mừng hector chào_mừng xong móc_túi kiểu chụp hình túi nhân 2 túi,2025-05-15 06:43:10+00:00
Thương mại,giá vàng chạm đáy 1 tiến triển thương mại mỹtrung tâm liệu kinh tế,giá vàng chạm đáy 1 tiến_triển thương_mại mỹtrung tâm liệu kinh_tế,2025-05-15 06:38:30+00:00
Thương mại,tảng blockchain phi tập trung base phép đồng sở hữu kiếm tiền agent hoạt động game giải trí thương mại token hóa tối đa hóa tiềm năng doanh thu,tảng blockchain phi tập_trung base phép đồng sở_hữu kiếm tiền agent hoạt_động game giải_trí thương_mại token hoá tối_đa_hoá tiềm_năng doanh_thu,2025-05-15 06:31:29+00:00
Thương mại,thương mại trung quốc 145 trung quốc quyết định tạm dừng biện pháp phi thuế quan áp đối thực thể mỹ nằm danh sách thực thể cậy danh sách kiểm soát xuất khẩu,thương_mại trung_quốc 145 trung_quốc quyết_định tạm dừng biện_pháp phi thuế_quan áp đối thực_thể mỹ nằm danh_sách thực_thể cậy danh_sách kiểm_soát xuất_khẩu,2025-05-15 04:42:16+00:00
Thương mại,hiện sàn thương mại điện tử trang mạng xã hội thị trường nóng hổi hoạt động mmo mạng xã hội chia sẻ kiến thức giải trí hoạt động kiếm tiền online diễn,hiện sàn thương_mại_điện_tử trang mạng xã_hội thị_trường nóng_hổi hoạt_động mmo mạng xã_hội chia_sẻ kiến_thức giải_trí hoạt_động kiếm tiền online diễn,2025-05-15 04:41:06+00:00
Thương mại,kinh tế việt nam thể hội hợp tác trung quốc đặc biệt lĩnh vực thương mại đầu tư nhiên lo ngại khả năng cạnh tranh hai kinh tế quan trọng hai,kinh_tế việt_nam_thể hội hợp_tác trung_quốc đặc_biệt lĩnh_vực thương_mại đầu_tư nhiên lo_ngại khả_năng cạnh_tranh hai kinh_tế quan_trọng hai,2025-05-15 04:28:25+00:00
Thương mại,trung quốc nắm át chủ chiến thương mại mỹ chi tiết goldenfund tiente gocnhintaichinh dautuvang dautu mytrung cttm,trung_quốc nắm át chủ_chiến thương_mại mỹ chi_tiết goldenfund tiente gocnhintaichinh dautuvang dautu mytrung cttm,2025-05-15 04:11:44+00:00
Thương mại,quốc hội việt nam 135 thảo luận đề xuất thành lập khu thương mại hải phòng thúc đẩy trưởng kinh tế đề xuất củng cố vai trò hải phòng động lực phát triển khu vực đồng sông hồng,quốc_hội việt_nam 135 thảo_luận đề_xuất thành_lập khu thương_mại hải_phòng thúc_đẩy trưởng kinh_tế đề_xuất củng_cố vai_trò hải_phòng động_lực phát_triển khu_vực đồng sông hồng,2025-05-15 04:06:25+00:00
Thương mại,đọc comment bi quan tiêu cực cá nhân hơi xảy ngành thương mại điện tử quy định thuế quy định,đọc comment bi_quan tiêu_cực cá_nhân hơi xảy ngành thương_mại_điện_tử quy_định thuế quy_định,2025-05-15 04:03:49+00:00
Thương mại,shophouse phố hiến city khu phố thương mại tọa lạc xã dân tiến huyện khoái châu tỉnh hưng yên sở hữu vị trí chiến lược trục đường nguyễn trãi rộng 60m dự án,shophouse phố hiến city khu_phố thương_mại toạ_lạc xã dân_tiến huyện khoái_châu tỉnh hưng_yên sở_hữu vị_trí chiến_lược trục đường nguyễn_trãi rộng 60m dự_án,2025-05-15 04:02:50+00:00
Thương mại,eu mỹ ép chốt kèo thương mại 90 mỹ dọa áp thuế 25 hàng loạt mặt hàng eu căng dây đàn nguy chiến tranh thương mại xuyên đại tây dương maxmarketinsider wisematch mmi xuhuong tradewar euvsus trumptrade,eu mỹ ép chốt kèo thương_mại 90 mỹ doạ áp_thuế 25 hàng_loạt mặt_hàng eu căng dây đàn nguy chiến_tranh thương_mại xuyên đại tây dương maxmarketinsider wisematch mmi xuhuong tradewar euvsus trumptrade,2025-05-15 03:51:01+00:00
Thương mại,pifest tảng thương mạigiao dịchdịch vụhàng hóa đời sống hệ sinh thái pinetwork cộng đồng pi network quốc gia giới sử dụng đồng pi π chi tiêu mua mặt hàngsản phẩmđồ uống sống,pifest tảng thương mạigiao dịchdịch vụhàng hoá đời_sống hệ_sinh_thái pinetwork cộng_đồng pi network quốc_gia giới sử_dụng đồng pi π chi_tiêu mua mặt hàngsản phẩmđồ uống sống,2025-05-15 03:38:36+00:00
Thương mại,mong đợi dapp thương mại điện tử,mong_đợi dapp thương_mại_điện_tử,2025-05-15 03:32:30+00:00
Thương mại,china cắp công nghệ nuóc tiên tiến nhg sản xuất ko bằnggiờ sách trump tiêu diệt gian lận thuong mại cua china thoigiờ china giá thôiráng đitrở lai thòi nhh 70,china cắp công_nghệ nuóc tiên_tiến nhg sản_xuất ko bằnggiờ sách trump tiêu_diệt gian_lận thuong mại cua china thoigiờ china giá thôiráng đitrở lai thòi nhh 70,2025-05-15 03:25:05+00:00
Thương mại,ngocgiaphat sàn thương mại điện tử,ngocgiaphat sàn thương_mại_điện_tử,2025-05-15 03:16:27+00:00
Thương mại,phát hiện tinh tế lý xuân hải 1 thoả thuận thương mại mỹ khoản thương mại thông thuế yêu cầu an toàn ngành công nghiệp thép dược phẩm thuế quan mỹ ô,phát_hiện tinh_tế lý xuân hải 1 thoả_thuận thương_mại mỹ khoản thương_mại thông thuế yêu_cầu an_toàn ngành công_nghiệp thép dược_phẩm thuế_quan mỹ ô,2025-05-15 03:05:09+00:00
Thương mại,chủ tịch tập cận bình phản hồi thư simon lichtenberg ceo phòng thương mại đan mạch trung quốc nhấn tầm quan trọng đối thoại cởi doanh nhân quốc tế hội củng cố quan hệ,chủ_tịch tập_cận_bình phản_hồi thư simon lichtenberg ceo phòng thương_mại đan_mạch trung_quốc nhấn tầm quan_trọng đối_thoại cởi doanh_nhân quốc_tế hội củng_cố quan_hệ,2025-05-15 02:30:21+00:00
Thương mại,thương mại toàn cầu tình trạng khủng hoảng mặc chiến thuế quan hai kinh tế dịu đi,thương_mại toàn_cầu tình_trạng khủng_hoảng mặc chiến thuế_quan hai kinh_tế dịu đi,2025-05-15 02:26:03+00:00
Thương mại,tổng giám đốc wto cảnh báo thỏa thuận thuế quan song phương hoa kỳ thể nguy hiểm nguyên tắc thương mại,tổng_giám_đốc wto cảnh_báo thoả_thuận thuế_quan song_phương hoa_kỳ_thể nguy_hiểm nguyên_tắc thương_mại,2025-05-15 02:25:46+00:00
Chính trị,3 trở tức thị trường crypto vẻ tỉ suất lợi nhuận hài đầu tư ảnh hưởng vĩ mô trị trump yên tâm tức,3 trở tức_thị trường crypto vẻ tỉ_suất lợi_nhuận hài đầu_tư ảnh_hưởng vĩ_mô trị trump yên_tâm tức,2025-05-15 08:40:28+00:00
Chính trị,tranh lạm phát mỹ 42025 tín hiệu dịu song ẩn chứa bất định yếu tố địa trị sách thuế quan đoán định,tranh lạm_phát mỹ 42025 tín_hiệu dịu song ẩn_chứa bất_định yếu_tố địa trị sách thuế_quan đoán_định,2025-05-15 08:24:02+00:00
Chính trị,chuyên tổ chức bình luận trị chê tổng thống donal trump xứng tư 1 đàn,chuyên tổ_chức bình_luận trị chê tổng_thống donal trump xứng tư 1 đàn,2025-05-15 08:01:52+00:00
Chính trị,trump ta thỏa thuận iran hôm đe dọa áp dụng áp lực tối đa iran chuyến thăm trung đông trump vấn đề địa trị tuần tu,trump ta thoả_thuận iran hôm đe_doạ áp_dụng áp_lực tối_đa iran chuyến thăm trung đông trump vấn_đề địa trị tuần tu,2025-05-15 07:01:10+00:00
Chính trị,bình nhiệt in logo lớp lý luận trị khóa xxx quatangdoanhnghiep,bình nhiệt in logo lớp lý_luận trị khoá xxx quatangdoanhnghiep,2025-05-15 06:59:49+00:00
Chính trị,1 larry fink larry fink sinh 1952 california gia đình trung lưu bố chủ tiệm giày mẹ giáo viên học ngành khoa học trị mba chuyên ngành bất động sản ucla ban đầu fink định hướng,1 larry fink larry fink sinh 1952 california gia_đình trung_lưu bố chủ tiệm giày mẹ giáo_viên học ngành khoa_học trị mba chuyên_ngành bất_động_sản ucla ban_đầu fink định_hướng,2025-05-15 04:54:29+00:00
Chính trị,nguyễn ngọc thái giám ấn triều đình tô trầm lặng trung thành tuyệt đối nguy hiểmlà kiến trúc sư ngầm chiến dịch dọn đường trị coi quân cờ chiến lược rừng kế nhiệm ghế trưởng công an,nguyễn ngọc thái_giám ấn triều_đình tô trầm_lặng trung_thành tuyệt_đối nguy hiểmlà kiến_trúc_sư ngầm chiến_dịch dọn đường trị coi quân cờ chiến_lược rừng kế_nhiệm ghế trưởng công_an,2025-05-15 04:41:32+00:00
Chính trị,đầu 2025 12 trump nhậm chức bro đợt sóng meme trị gia,đầu 2025 12 trump nhậm_chức bro đợt sóng meme trị gia,2025-05-15 04:34:49+00:00
Chính trị,2xấu hổ hôm đảng cộng hòa hạ viện chóng hành động đảng dân chủ nổi thịnh nộ cản trở thực thi pháp luật trò trị chứng minh lạc hậu đảng cộng hòa,2xấu hổ hôm đảng cộng_hoà hạ_viện chóng hành_động đảng dân_chủ nổi thịnh_nộ cản_trở thực_thi pháp_luật trò trị chứng_minh lạc_hậu đảng cộng_hoà,2025-05-15 04:29:45+00:00
Chính trị,1đảng dân chủ hạ viện chứng minh sẵn sàng lạm dụng hiến pháp nỗ lực cản trở chương trình nghị dân mỹ trò hề luận tội giả mạo đối tổng thống trump trò trị,1đảng dân_chủ hạ_viện chứng_minh sẵn_sàng lạm_dụng hiến_pháp nỗ_lực cản_trở chương_trình nghị dân mỹ trò_hề luận_tội giả_mạo đối tổng_thống trump trò trị,2025-05-15 04:29:44+00:00
Chính trị,quan hệ trung quốc việt nam chủ đề nóng hổi giới quan sát trị phát triển kinh tế việt nam xét tác động quan hệ hai chuyên gia trưởng,quan_hệ trung_quốc việt_nam chủ_đề nóng_hổi giới quan_sát trị phát_triển kinh_tế việt_nam xét tác_động quan_hệ hai chuyên_gia trưởng,2025-05-15 04:28:24+00:00
Chính trị,crypto refback news đảng dân chủ áp lực tra tổng thống trump nghi vấn trục lợi trị crypto hàng loạt nghị sĩ đảng dân chủ yêu cầu tra tổng thống donald trump nghi ngờ lợi dụng quyền lực trục lợi,crypto refback news đảng dân_chủ áp_lực_tra tổng_thống trump nghi_vấn trục_lợi trị crypto hàng_loạt nghị_sĩ đảng dân_chủ yêu_cầu_tra tổng_thống donald trump nghi_ngờ lợi_dụng quyền_lực trục_lợi,2025-05-15 04:27:40+00:00
Chính trị,gốc độ truyền thông ko góc độ trị chiến tranh thuế quan kết liễu thuế cải máy cai trị sụp đổ trị kiến thức tư đi,gốc độ truyền_thông ko góc_độ trị chiến_tranh thuế_quan kết_liễu thuế cải máy cai_trị sụp_đổ trị kiến_thức tư đi,2025-05-15 04:21:28+00:00
Chính trị,kẻ địch giới toàn hệ thống trị toàn cầu ko hàng tỉ tín đồ giáo phái satan cứu kiểu dọn dẹp giới kiểu thiểu rủi ro bảo vax covid độc tẩn ko trượt phát kìa,kẻ địch giới toàn hệ_thống trị toàn_cầu ko hàng tỉ tín_đồ giáo_phái satan cứu kiểu dọn_dẹp giới kiểu thiểu rủi_ro bảo vax covid độc tẩn ko trượt phát kìa,2025-05-15 03:58:46+00:00
Chính trị,nhu cầu sinh tồn dân văn minh quyền chủ đất chẳng hạn quyền tham gia thành lập đảng phái trị quyền phiếu,nhu_cầu sinh_tồn dân văn_minh quyền chủ đất chẳng_hạn quyền tham_gia thành_lập đảng_phái trị quyền phiếu,2025-05-15 03:45:43+00:00
Chính trị,đảng dân chủ áp lực tra tổng thống trump nghi ngờ lợi dụng quyền lực trục lợi dự án crypto,đảng dân_chủ áp_lực_tra tổng_thống trump nghi_ngờ lợi_dụng quyền_lực trục_lợi dự_án crypto,2025-05-15 03:06:37+00:00
Chính trị,ô bct tq ko chấp tất 10 chấp 3 đk liên quán trị 1ko đc động đloan2thả hoạt động trị tên3phải phối hợp hợp hoàn toàn ngăn chặn fetamin mỹ,ô bct tq ko chấp tất 10 chấp 3 đk liên quán trị 1ko đc động đloan2thả hoạt_động trị tên3phải phối_hợp hợp hoàn_toàn ngăn_chặn fetamin mỹ,2025-05-15 02:46:29+00:00
Chính trị,tức xoáy biến động toàn cầu căng thẳng trị châu âu chiến trung đông sách y tế thắt chặt mỹ du lịch nha khoa dịch đông nam việt nam trở thành chỉnh nha,tức xoáy biến_động toàn_cầu căng_thẳng trị châu_âu chiến trung đông sách y_tế thắt chặt mỹ du_lịch nha_khoa dịch đông nam việt_nam trở_thành chỉnh nha,2025-05-15 02:31:24+00:00
Chính trị,kiến vụ động trị răn đe nhân vật công khai ủng hộ đối lập liên quan bình luận thức hiện vụ thu hút dư luận cộng đồng việt hoa kỳ,kiến vụ động trị răn_đe nhân_vật công_khai ủng_hộ đối_lập liên_quan bình_luận thức hiện vụ thu_hút dư_luận cộng_đồng việt hoa_kỳ,2025-05-15 02:09:08+00:00
Chính trị,công khai ủng hộ donald trump 2016 dương đối mặt áp lực trị gia nhiệm kỳ quyền biden tiến hành truy tố cáo buộc tranh cãi,công_khai ủng_hộ donald trump 2016 dương đối_mặt áp_lực trị gia nhiệm_kỳ quyền biden tiến_hành truy_tố cáo_buộc tranh_cãi,2025-05-15 02:09:01+00:00
Chính trị,xác đích khả thi quan trọng 2050 hoàn thành hệ thống tàu điện sài gòn bớt đông kẹt xe tụi k lo chứng tỏ não não thiểu năng não trị,xác đích khả_thi quan_trọng 2050 hoàn_thành hệ_thống tàu_điện sài_gòn bớt đông kẹt xe tụi k lo chứng_tỏ não não thiểu_năng não trị,2025-05-15 02:06:27+00:00
Chính trị,pi network kiến thức trị tài công nghệ luật triết họcthậm chí tâm linh lý the simpson phán pi thủ chân thiên tài nhân bẩu pi thủ đem siêu chủ quyền qg,pi network kiến_thức trị tài_công nghệ luật triết họcthậm chí tâm_linh lý the simpson phán pi thủ chân thiên_tài nhân bẩu pi thủ đem siêu chủ_quyền qg,2025-05-15 02:02:35+00:00
Chính trị,nguyễn v đài nẳm vũng chăn dắt tị nạn trị quy trình lê tùng nguyễn văn đài sinh 1969 hà nội phủ đức tiếp tị nạn 2018 định cư mờ ám sx hồ sơ tị nạn lô mẫu sẵn kịch,nguyễn_v đài nẳm vũng chăn_dắt tị_nạn trị quy_trình lê_tùng nguyễn_văn đài sinh 1969 hà_nội phủ đức tiếp tị_nạn 2018 định_cư mờ_ám sx hồ_sơ tị_nạn lô mẫu sẵn kịch,2025-05-15 01:36:30+00:00
Chính trị,trung quốc kêu gọi bình tĩnh biển đỏ khôi phục đối thoại trị yemen căng thẳng tôn trọng thỏa thuận ngừng bắn thiết đảm bảo an toàn dân sở hạ tầng hỗ trợ cộn,trung_quốc kêu_gọi bình_tĩnh biển đỏ khôi_phục đối_thoại trị yemen căng_thẳng tôn_trọng thoả_thuận ngừng_bắn_thiết đảm_bảo an_toàn dân sở hạ_tầng hỗ_trợ cộn,2025-05-15 01:15:56+00:00
Chính trị,phát triển chiếu cố trọng mục tiêu ưu tiên thay nhọc rào đón minh bạch hóa hoạt động toàn dân chế giám sát độc lập phi trị mục tiêu quyền,phát_triển chiếu_cố trọng mục_tiêu ưu_tiên thay nhọc rào_đón minh_bạch_hoá hoạt_động toàn dân chế giám_sát độc_lập phi trị mục_tiêu quyền,2025-05-15 00:59:05+00:00
Chính trị,tất mưu toan tầm ảnh hưởng đảng phái trị đơn dấu bất lương,tất mưu_toan tầm ảnh_hưởng đảng_phái trị đơn dấu bất_lương,2025-05-15 00:34:00+00:00
Chính trị,trợ đời sống hàng đấy lí mĩ sản phẩm hỗ trợ đời sống nhân lịch sử nhiên lực tinh hoa trị mĩ đẩy tham tư cực đại đồng,trợ đời_sống hàng đấy lí mĩ sản_phẩm hỗ_trợ đời_sống nhân lịch_sử nhiên lực tinh_hoa trị mĩ đẩy tham tư cực_đại đồng,2025-05-14 23:26:10+00:00
Chính trị,trị kéo tất,trị kéo tất,2025-05-14 23:22:25+00:00
Chính trị,trị gia đi nghèo bất thể ải đồng tiền dân cử tri mỹ gọi luật pháp minh bạch,trị gia đi nghèo bất thể ải đồng_tiền dân_cử tri mỹ gọi luật_pháp minh_bạch,2025-05-14 19:49:40+00:00
Chính trị,xảy tiếp đối quan hệ thương mại hoa kỳtrung quốc ràng mục tiêu kinh tế trị hoa kỳ trungquốc tương nhấn mạnhquỹ đạo hạn quan hệ hoa kỳtrung quốc tiêu cực,xảy tiếp đối quan_hệ thương_mại hoa kỳtrung quốc ràng mục_tiêu kinh_tế trị hoa_kỳ trungquốc tương nhấn mạnhquỹ đạo hạn quan_hệ hoa kỳtrung quốc tiêu_cực,2025-05-14 19:26:21+00:00
Chính trị,báo bây đầu tư công khai minh bạch thiệt dân trị,báo bây đầu_tư công_khai minh_bạch thiệt dân trị,2025-05-14 17:20:18+00:00
Chính trị,thể lý luận trị đơn giản trình độ hồ tư tưởng thời đại lắm đọc ngưỡng mộ,thể lý_luận trị đơn_giản trình_độ hồ tư_tưởng thời_đại lắm đọc ngưỡng_mộ,2025-05-14 17:13:51+00:00
Chính trị,trị lắm trái chiều quyền mặc định gt địt đéo sọc phản động bala tát vỡ mồm tình yêu,trị lắm trái chiều quyền mặc_định gt địt đéo sọc phản_động bala tát vỡ mồm tình_yêu,2025-05-14 16:52:11+00:00
Chính trị,trump gỡ cấm vận syria tiến hòa bình trung đông trump bất ngờ xóa lệnh trừng phạt syria chốt deal 600 tỷ usd saudi trị amp tiền bạc song hành đổi chác trump syria news tintuc viral,trump gỡ cấm_vận syria tiến hoà_bình trung đông trump bất_ngờ xoá lệnh trừng_phạt syria chốt deal 600 tỷ usd saudi trị amp tiền_bạc song_hành đổi_chác trump syria news tintuc viral,2025-05-14 16:30:01+00:00
Chính trị,xây dựng tương lai trị đổi cải toàn diện,xây_dựng tương_lai trị đổi cải toàn_diện,2025-05-14 16:12:37+00:00
Chính trị,câu lạc khoa học xã hội giúp vấn đề xã hội kinh tế trị đồng thời phát triển tư phản biện,câu lạc khoa_học_xã_hội giúp vấn_đề xã_hội kinh_tế trị đồng_thời phát_triển tư phản_biện,2025-05-14 15:40:41+00:00
Chính trị,dự án bitcoin trump ngoặt trị hóa ngành khai thác tiền mỹ bitcoin finlaunch crypto news,dự_án bitcoin trump ngoặt trị hoá ngành khai_thác tiền mỹ bitcoin finlaunch crypto news,2025-05-14 15:30:43+00:00
Chính trị,45nhiều biểu tình đsq vn londontrong dịp vnkỷ niệm 50 giải phóng miền namngười biểu tình kêu gọi vn tù nhân lương tâmmở rộng dân chủ tôn trọng nhân quyền quyền trị dân,45nhiều biểu_tình đsq vn londontrong dịp vnkỷ niệm 50 giải_phóng miền namngười biểu_tình kêu_gọi vn tù_nhân lương tâmmở rộng dân_chủ tôn_trọng nhân_quyền quyền trị dân,2025-05-14 15:25:14+00:00
Chính trị,bí mật tham nhũng trị vụ án nguyễn tuấn quyền lực ngầm,bí_mật tham_nhũng trị vụ án nguyễn tuấn quyền_lực ngầm,2025-05-14 15:00:40+00:00
Chính trị,donald trump hiện ác mộng đám cánh tả chẳng thể đoán ta ta trị gia dám,donald trump hiện ác_mộng đám cánh tả chẳng_thể đoán ta ta trị gia dám,2025-05-14 14:07:13+00:00
đạo đức,uy tín tài khoản tiết kiệm đạo đức,uy_tín tài_khoản tiết_kiệm đạo_đức,2025-05-15 08:33:07+00:00
đạo đức,cộng đồng tảng đạo đức vững vàng,cộng_đồng tảng đạo_đức vững_vàng,2025-05-15 08:33:01+00:00
đạo đức,nút mạng lưới đạo đức,nút mạng_lưới đạo_đức,2025-05-15 08:32:51+00:00
đạo đức,liệu giá trị đạo đức hóa,liệu giá_trị đạo_đức hoá,2025-05-15 08:21:49+00:00
đạo đức,dự án quan tâm đạo đức kỹ thuật,dự_án quan_tâm đạo_đức kỹ_thuật,2025-05-15 08:21:28+00:00
đạo đức,dự án hộ chiếu đạo đức web3,dự_án hộ_chiếu đạo_đức web3,2025-05-15 08:11:55+00:00
đạo đức,ta thời đại đạo đức,ta thời_đại đạo_đức,2025-05-15 08:08:08+00:00
đạo đức,thước đo đạo đức kỹ thuật đầu tiên,thước_đo đạo_đức kỹ_thuật đầu_tiên,2025-05-15 08:02:41+00:00
đạo đức,cộng đồng đạo đức công cụ,cộng_đồng đạo_đức công_cụ,2025-05-15 07:50:24+00:00
đạo đức,dạng chứng đạo đức giới web3,dạng chứng đạo_đức giới web3,2025-05-15 07:50:18+00:00
đạo đức,web3 phi tập trung đạo đức,web3 phi tập_trung đạo_đức,2025-05-15 07:49:54+00:00
đạo đức,giverep giúp nâng chuẩn mực đạo đức kỹ thuật,giverep giúp nâng chuẩn_mực đạo_đức kỹ_thuật,2025-05-15 06:53:36+00:00
đạo đức,tảng đạo đức giới kỹ thuật,tảng đạo_đức giới kỹ_thuật,2025-05-15 06:36:01+00:00
đạo đức,chào phát biểu trích lãnh đạo eu thể nhắm ursula von der leyen giao dịch hậu trường đạo đức giả kỹ trị châu âu trở ngột ngạt rời dân nội dung lãnh,chào phát_biểu trích lãnh_đạo eu thể nhắm ursula von der leyen giao_dịch hậu_trường đạo_đức giả kỹ trị châu_âu trở ngột_ngạt rời dân nội_dung lãnh,2025-05-15 06:29:05+00:00
đạo đức,giverep giá trị đạo đức blockchain,giverep giá_trị đạo_đức blockchain,2025-05-15 06:26:54+00:00
đạo đức,học thuyết khổng giáo ảnh hưởng sâu sắc văn hóa việt nam ứng xử quan hệ gia đình giá trị đạo đức truyền thống ta nét đẹp văn hóa việt gốc khổng,học_thuyết khổng giáo ảnh_hưởng sâu_sắc văn_hoá việt_nam ứng_xử quan_hệ gia_đình giá_trị đạo_đức truyền_thống ta nét đẹp văn_hoá việt gốc khổng,2025-05-15 03:53:03+00:00
đạo đức,suy bại đạo đức coi pháp luật,suy_bại đạo_đức coi pháp_luật,2025-05-15 00:32:24+00:00
đạo đức,câu đạo đức luân lý giúp ta xác định ranh giới sai quyết định trách nhiệm,câu đạo_đức luân_lý giúp ta xác_định ranh_giới sai quyết_định trách_nhiệm,2025-05-14 23:37:16+00:00
đạo đức,xưa ta dạy dỗ cháu đạo đức sống yêu thương sẻ chia,xưa ta dạy_dỗ cháu đạo_đức sống yêu_thương sẻ chia,2025-05-14 18:39:16+00:00
đạo đức,ta trì kiên định giá trị đạo đức sống trung thực tử tế trách nhiệm xã hội,ta trì kiên_định giá_trị đạo_đức sống trung_thực tử_tế trách_nhiệm xã_hội,2025-05-14 18:27:08+00:00
đạo đức,nuôi dạy dạy đơn giản đạo đức ứng xử thay cố gắng nhồi nhét kiến thức,nuôi dạy dạy đơn_giản đạo_đức ứng_xử thay cố_gắng nhồi_nhét kiến_thức,2025-05-14 18:20:57+00:00
đạo đức,trì tôn trọng giá trị đạo đức pháp luật hoạt động,trì tôn_trọng giá_trị đạo_đức pháp_luật hoạt_động,2025-05-14 18:04:24+00:00
đạo đức,trì nguyên tắc đạo đức kinh doanh yếu tố quan trọng xây dựng uy tín dựng hàng đối tác,trì nguyên_tắc đạo_đức kinh_doanh yếu_tố quan_trọng xây_dựng uy_tín dựng hàng đối_tác,2025-05-14 17:31:29+00:00
đạo đức,phim câu đạo đức giá trị suy ngẫm vấn thân,phim câu đạo_đức giá_trị suy_ngẫm vấn thân,2025-05-14 17:13:28+00:00
đạo đức,tình trạng suy thoái đạo đức xã hội hiện vấn đề báo động gia đình trường xã hội cải thiện,tình_trạng suy_thoái đạo_đức xã_hội hiện vấn_đề báo_động gia_đình trường xã_hội cải_thiện,2025-05-14 16:59:58+00:00
đạo đức,cố gắng trở thành sống đạo đức đắn góp xây dựng xã hội đẹp,cố_gắng trở_thành sống đạo_đức đắn góp xây_dựng xã_hội đẹp,2025-05-14 16:51:41+00:00
đạo đức,đêm đứa trẻ mẹ câu cổ tích học đạo đức nuôi dưỡng tâm hồn,đêm đứa trẻ mẹ câu cổ_tích học đạo_đức nuôi_dưỡng tâm_hồn,2025-05-14 16:41:44+00:00
đạo đức,tình trạng suy thoái đạo đức xã hội đòi cộng đồng cải thiện,tình_trạng suy_thoái đạo_đức xã_hội đòi cộng_đồng cải_thiện,2025-05-14 16:32:35+00:00
đạo đức,kết sàng lọc kỹ lưỡng cán lãnh đạo xứng đángcó tâm tầmhọc đạo đức hồ kính yêuđược tín nhiệm kỳ phiếu đảng cs quang vinh ta bao đượcđẹp mặt,kết sàng_lọc kỹ_lưỡng cán lãnh_đạo xứng đángcó tâm tầmhọc đạo_đức hồ_kính yêuđược tín_nhiệm kỳ_phiếu đảng cs quang_vinh ta bao đượcđẹp mặt,2025-05-14 16:11:05+00:00
đạo đức,chúa yêu thương thầy thầy yêu thương ga 159 trở thành đốc nhân kết quyết định đạo đức tưởng gỡ kiện mộ,chúa yêu_thương thầy thầy yêu_thương ga 159 trở_thành đốc nhân kết quyết_định đạo_đức tưởng gỡ kiện mộ,2025-05-14 16:10:26+00:00
đạo đức,giá trị đạo đức sống lương thiện tử tế xây dựng xã hội đẹp,giá_trị đạo_đức sống lương_thiện tử_tế xây_dựng xã_hội đẹp,2025-05-14 15:55:05+00:00
đạo đức,giá trị đạo đức nhân mong lan tỏa đẹp xung quanh,giá_trị đạo_đức nhân mong lan_toả đẹp xung_quanh,2025-05-14 15:45:48+00:00
đạo đức,câu lạc võ thuật giúp rèn luyện sức khỏe kỹ năng vệ đồng thời học đạo đức tinh thần thượng võ,câu lạc võ_thuật giúp rèn_luyện sức_khoẻ kỹ_năng_vệ đồng_thời học đạo_đức tinh_thần thượng_võ,2025-05-14 13:50:45+00:00
Công nghệ,suigar kết nối cảm xúc công nghệ web3 suigar dự án web3 độc đáo hướng xây dựng tảng cảm xúc kết nối cá nhân quan hệ xã hội thể hiện lưu trữ blockchain dừng trao,suigar kết_nối cảm_xúc công_nghệ web3 suigar dự_án web3 độc_đáo hướng xây_dựng tảng cảm_xúc kết_nối cá_nhân quan_hệ xã_hội thể_hiện lưu_trữ blockchain dừng trao,2025-05-15 09:39:09+00:00
Công nghệ,1 tham gia airdrop thưởng giverep giverepairdrop attntoken 2 blockchain thay đổi tương lai công nghệ khám phá giverep givereployalty,1 tham_gia airdrop thưởng giverep giverepairdrop attntoken 2 blockchain thay_đổi tương_lai công_nghệ khám_phá giverep givereployalty,2025-05-15 09:33:29+00:00
Công nghệ,nghệ thuật gỡ công nghệ web3 làn sương phi tập trung sống hoàn toàn blockchain nghệ thuật sinh generative art liệu onchain minh bạch cộng đồng code trung tâm zenfrogs,nghệ_thuật gỡ công_nghệ web3 làn sương phi tập_trung sống hoàn_toàn blockchain nghệ_thuật sinh generative art liệu onchain minh_bạch cộng_đồng code trung_tâm zenfrogs,2025-05-15 09:32:55+00:00
Công nghệ,vấn đề nội địa hoá công nghệ tq chủ yếu vn tq xong hsr đầu tiên innovate công nghệ,vấn_đề nội_địa_hoá công_nghệ tq chủ_yếu vn tq xong hsr đầu_tiên innovate công_nghệ,2025-05-15 09:23:57+00:00
Công nghệ,tổng quan virtuals protocol mục tiêu biến tác nhân thành tài sản kỹ thuật thể doanh thu phép cộng đồng đồng sở hữu quản lý công nghệ tảng kết hợp blockchain chuỗi base triển khai tác nhân ảo,tổng_quan virtuals protocol mục_tiêu biến tác_nhân thành_tài sản kỹ_thuật_thể doanh_thu phép cộng_đồng đồng sở_hữu quản_lý công_nghệ tảng kết_hợp blockchain chuỗi base triển_khai tác_nhân ảo,2025-05-15 09:19:55+00:00
Công nghệ,giới thiệu iwin cổng game đổi thưởng uy tín cậy giới công nghệ giải trí phát triển kiếm cổng game đổi thưởng uy tín đa dạng an toàn trở vô c,giới_thiệu iwin cổng game đổi thưởng uy_tín cậy giới công_nghệ giải_trí phát_triển kiếm cổng game đổi thưởng uy_tín đa_dạng an_toàn trở vô c,2025-05-15 09:14:33+00:00
Công nghệ,nghỉ ngân hàng chàng trai thu hàng trăm triệu nấm đen rẽ hướng nông nghiệp nguyễn hoàng thái 29 ngụ nốt tpcần thơ thành công mô hình trồng nấm đen ứng dụng công nghệ,nghỉ ngân_hàng chàng trai thu hàng trăm triệu nấm đen rẽ hướng nông_nghiệp nguyễn_hoàng thái 29 ngụ nốt tpcần thơ thành_công mô_hình trồng nấm đen ứng_dụng công_nghệ,2025-05-15 09:13:29+00:00
Công nghệ,trải nghiệm mua sắm tiện lợi dàng sản phẩm phong phú an toàn chất đáp ứng nhu cầu mềm phát triển đội ngũ công nghệ idea amp startup,trải_nghiệm mua_sắm tiện_lợi dàng sản_phẩm phong_phú an_toàn chất đáp_ứng nhu_cầu mềm phát_triển đội_ngũ công_nghệ idea amp startup,2025-05-15 09:12:59+00:00
Công nghệ,hướng tham gia testnet dự án soul protocol tổng quan soul protocol tích hợp giao thức lending aave compound sử dụng công nghệ layerzero axelar chainlink ccip kết nối crosschain rào cản cầu nối mục tiêu hợp,hướng tham_gia testnet dự_án soul protocol tổng_quan soul protocol tích_hợp giao_thức lending aave compound sử_dụng công_nghệ layerzero axelar chainlink ccip kết_nối crosschain rào_cản cầu_nối mục_tiêu hợp,2025-05-15 09:09:37+00:00
Công nghệ,agent giao thức token sản phẩm công nghệ tài sản thể giá nắm token chia sẻdoanh thu hoạt động agent,agent giao_thức token sản_phẩm công_nghệ tài_sản_thể giá nắm token chia sẻdoanh thu hoạt_động agent,2025-05-15 09:02:40+00:00
Công nghệ,sàn gỗ dynatex thương hiệu ván sàn công nghiệp sản xuất công nghệ malaysia tiêu chuẩn kỹ thuật hiện đại quy trình kiểm soát chất nghiêm ngặt,sàn gỗ dynatex thương_hiệu ván sàn công_nghiệp sản_xuất công_nghệ malaysia tiêu_chuẩn kỹ_thuật hiện_đại quy_trình kiểm_soát chất nghiêm_ngặt,2025-05-15 08:58:44+00:00
Công nghệ,kiếm công cụ gian ảo chuyên nghiệp microsoft mesh câu công nghệ phép gian ảo thể gỡ trao đi cộng tácd đọc nội dung,kiếm công_cụ gian ảo chuyên_nghiệp microsoft mesh câu công_nghệ phép gian ảo thể gỡ trao đi cộng tácd đọc nội_dung,2025-05-15 08:56:15+00:00
Công nghệ,cổng game trực tuyến iwin giải trí uy tín hấp thời đại công nghệ phát triển mẽ nhu cầu giải trí trực tuyến trở phổ biến ưa chuộng iwin cổng game đổi,cổng game trực_tuyến iwin giải_trí uy_tín hấp thời_đại công_nghệ phát_triển mẽ nhu_cầu giải_trí trực_tuyến trở phổ_biến ưa_chuộng iwin cổng game đổi,2025-05-15 08:46:12+00:00
Công nghệ,đánh giá arbus arbus làng web3 arbus dự án tiềm năng lĩnh vực infofi nổi bật công nghệ aipowered market intelligence layer xây dựng avatarchain nổi bật arbus sản phẩm,đánh_giá arbus arbus làng web3 arbus dự_án tiềm_năng lĩnh_vực infofi nổi_bật công_nghệ aipowered market intelligence layer xây_dựng avatarchain nổi_bật arbus sản_phẩm,2025-05-15 08:45:04+00:00
Công nghệ,công nghệ ấn tượng,công_nghệ ấn_tượng,2025-05-15 08:44:38+00:00
Công nghệ,công nghệ thay thay học,công_nghệ thay thay học,2025-05-15 08:39:02+00:00
Công nghệ,cá nhân hóa in nhiệt ly túi tote in hình kỷ niệm mẫu áo hai nhiệt công nghệ dấu ấn inan inchuyennhiet,cá_nhân_hoá in nhiệt ly túi tote in hình kỷ_niệm mẫu áo hai nhiệt công_nghệ dấu_ấn inan inchuyennhiet,2025-05-15 08:38:19+00:00
Công nghệ,blockchain công nghệ mạng,blockchain công_nghệ mạng,2025-05-15 08:36:25+00:00
Công nghệ,câu công nghệ quyền kiểm soát tài sản cá nhân thử tưởng tượng vàng mua ép gửi ngân hàng tiền mặt cấm cất ví lạnh crypto coi hợp pháp,câu công_nghệ quyền kiểm_soát tài_sản cá_nhân thử tưởng_tượng vàng mua ép gửi ngân_hàng tiền_mặt cấm cất ví lạnh crypto coi hợp_pháp,2025-05-15 08:35:13+00:00
Công nghệ,tiến nhân văn công nghệ blockchain,tiến nhân_văn công_nghệ blockchain,2025-05-15 08:33:10+00:00
Công nghệ,giverep công nghệ thể dạy ta sống tử tế,giverep công_nghệ_thể dạy ta sống tử_tế,2025-05-15 08:32:58+00:00
Công nghệ,cười dự án miễn phí tiếp đối am công nghệ kiếm tiền bao nhiêu dự án nổ vang trời kết,cười dự_án miễn_phí tiếp đối am công_nghệ kiếm tiền bao_nhiêu dự_án nổ vang trời kết,2025-05-15 08:30:23+00:00
Công nghệ,layer 2 hội kiếm tiền kép linea công nghệ tiền airdrop linea nổi bật layer 2 ethereum sử dụng công nghệ zkrollup tốc độ chi phí giao dịch hậu thuẫn consensys,layer 2 hội kiếm tiền kép linea công_nghệ tiền airdrop linea nổi_bật layer 2 ethereum sử_dụng công_nghệ zkrollup tốc_độ chi_phí giao_dịch hậu_thuẫn consensys,2025-05-15 08:30:01+00:00
Công nghệ,subscriber trỗi dậy attention capital phương hướng đầu tư meme mòn market thị trường truyền thống xây dựng công nghệ logic liệu dòng tiền thị trường crypto hiện xây dựng dopamine,subscriber trỗi dậy attention capital phương_hướng đầu_tư meme mòn market thị_trường truyền_thống xây_dựng công_nghệ logic liệu dòng tiền thị_trường crypto hiện xây_dựng dopamine,2025-05-15 08:26:33+00:00
Công nghệ,mềm quản lý nhân hrm công ty giải pháp công nghệ cak solution all in one mềm quản lý nhân hrm mềm quản lý nhân hrm giải pháp tối ưu hóa nhân lực doanh nghiệp,mềm quản_lý nhân hrm công_ty giải_pháp công_nghệ cak solution all in one mềm quản_lý nhân hrm mềm quản_lý nhân hrm giải_pháp tối_ưu_hoá nhân_lực doanh_nghiệp,2025-05-15 08:22:12+00:00
Công nghệ,dự án năng tái phát triển bền vững công nghệ xanh thu hút giúp bảo vệ môi trường hội,dự_án năng tái_phát triển bền_vững công_nghệ_xanh thu_hút giúp bảo_vệ môi_trường hội,2025-05-15 08:17:32+00:00
Công nghệ,grok thức thể dựa thông sẵn syria kiếm đầu tư công ty mỹ mỹ dỡ cấm vận tiếp cận công nghệ vốn phương tây tái thiết ngành dầu khí trung quốc lịch sử,grok thức thể dựa thông sẵn syria kiếm đầu_tư công_ty mỹ mỹ dỡ cấm_vận tiếp_cận công_nghệ vốn phương tây tái_thiết ngành dầu_khí trung_quốc lịch_sử,2025-05-15 08:16:42+00:00
Công nghệ,thiết kế công nghệ phi tập trung thể phát triển hướng kiên nhẫn an toàn mục đích,thiết_kế công_nghệ phi tập_trung_thể phát_triển hướng kiên_nhẫn an_toàn mục_đích,2025-05-15 08:08:27+00:00
Công nghệ,đội ngũ amp đầu tư đứng gacha gacha phát triển sleek labs đội ngũ 3 kinh nghiệm xây dựng sản phẩm crypto hướng phổ thông am công nghệ thể sử dụng dàng,đội_ngũ amp đầu_tư đứng gacha gacha phát_triển sleek labs đội_ngũ 3 kinh_nghiệm xây_dựng sản_phẩm crypto hướng phổ_thông am công_nghệ_thể sử_dụng dàng,2025-05-15 08:04:05+00:00
Công nghệ,yêu kết hợp công nghệ nhân văn dự án,yêu kết_hợp công_nghệ nhân_văn dự_án,2025-05-15 08:03:45+00:00
Công nghệ,website phong độc đáo giới công nghệ,website phong độc_đáo giới công_nghệ,2025-05-15 08:03:44+00:00
Công nghệ,mềm quản lý nhân hrm công ty giải pháp công nghệ cak solution all in one mềm quản lý nhân hrm giải pháp tối ưu hóa nhân lực doanh nghiệp,mềm quản_lý nhân hrm công_ty giải_pháp công_nghệ cak solution all in one mềm quản_lý nhân hrm giải_pháp tối_ưu_hoá nhân_lực doanh_nghiệp,2025-05-15 08:03:30+00:00
Công nghệ,wow dự án bất ngờ hào hứng chắn game changer ngành công nghệ,wow dự_án bất_ngờ hào_hứng chắn game changer ngành công_nghệ,2025-05-15 08:01:57+00:00
Công nghệ,thân vin công nghệ đại diện đi shopping công nghệ nội địa hóa chủ yếu hỗ trợ vin vay vốn hạn ưu tiên công trình bds quanh ga,thân vin công_nghệ đại_diện đi shopping công_nghệ nội_địa_hoá chủ_yếu hỗ_trợ vin vay vốn hạn ưu_tiên công_trình bds quanh ga,2025-05-15 08:00:54+00:00
Công nghệ,công nghệ xử lý ảo,công_nghệ xử_lý ảo,2025-05-15 08:00:49+00:00
Công nghệ,niêm yết bingx ae privasea prai dự án kết hợp amp bảo mật liệu công nghệ fhe hiện đại giải pháp toán quyền tư xử lý liệu prai token gốc hệ sinh thái deepsea network amp,niêm_yết bingx ae privasea prai dự_án kết_hợp amp bảo_mật liệu công_nghệ fhe hiện_đại giải_pháp toán quyền tư xử_lý liệu prai token gốc hệ_sinh_thái deepsea network amp,2025-05-15 08:00:03+00:00
Công nghệ,mua toàn công nghệ bảo trì kha đấy 20252030 tui vn đc,mua toàn công_nghệ bảo_trì kha đấy 20252030 tui vn đc,2025-05-15 07:58:26+00:00
Công nghệ,ika thể trông đợi ưu vốn gọi công nghệ độc đáo,ika thể trông_đợi ưu vốn gọi công_nghệ độc_đáo,2025-05-15 07:57:44+00:00
Chuyển đổi số,kế hoạch triển khai phong trào thi đua đổi đổi,kế_hoạch triển_khai phong_trào thi_đua đổi đổi,2025-05-15 05:39:30+00:00
Chuyển đổi số,thời đại đổi mềm công cụ hỗ trợ thể vận hành quán cafe,thời_đại đổi mềm công_cụ hỗ_trợ_thể vận_hành quán cafe,2025-05-14 14:18:44+00:00
Chuyển đổi số,đổi trình ứng dụng công nghệ thay đổi vận hành quản lý phục vụ hàng hiệu,đổi trình ứng_dụng công_nghệ thay_đổi vận_hành quản_lý phục_vụ hàng_hiệu,2025-05-14 13:56:57+00:00
Chuyển đổi số,recap lễ khánh thành thư viện đổi mãi mãi niềm dự án ươm mầm tri thức gieo hạt tương lai tiếp tục vững hành trình cánh cửa tri thức hệ trẻ bwfventures bwf thuvienchuyendoiso uommamtrithuc,recap lễ khánh_thành thư_viện đổi mãi_mãi niềm dự_án ươm mầm tri_thức gieo hạt tương_lai tiếp_tục vững hành_trình cánh cửa tri_thức hệ trẻ bwfventures bwf thuvienchuyendoiso uommamtrithuc,2025-05-14 13:43:32+00:00
Chuyển đổi số,đổi cải thủ tục hành 2 hướng dịch vụ công phi địa giới,đổi cải thủ_tục hành 2 hướng dịch_vụ công phi địa_giới,2025-05-14 12:35:15+00:00
Chuyển đổi số,1352025 vnpt cloud khoa học công nghệ công sản phẩm giải pháp tiêu biểu lĩnh vực khoa học công nghệ đổi đổi nghị quyết 57nqtw vnptcloud makeinvietnam vietnam vnpt,1352025 vnpt cloud khoa_học công_nghệ công_sản phẩm giải_pháp tiêu_biểu lĩnh_vực khoa_học công_nghệ đổi đổi nghị_quyết 57nqtw vnptcloud makeinvietnam vietnam vnpt,2025-05-14 11:20:06+00:00
Chuyển đổi số,đổi xu hướng yêu cầu tất yếu quản lý quán cà phê giấy bút lẽ thay đổi,đổi xu_hướng yêu_cầu tất_yếu quản_lý quán cà_phê giấy bút lẽ thay_đổi,2025-05-14 08:15:21+00:00
Chuyển đổi số,we need supportive measures trợ doanh nghiệp đổi اللحاق بالاتجاه التنمية في العالم,we need supportive measures trợ doanh_nghiệp đổi اللحاق_بالاتجاه_التنمية_في العالم,2025-05-14 08:06:32+00:00
Chuyển đổi số,dự án thị trường tập trung công nghệ xanh đổi cải tiến quy trình sản xuất lĩnh vực hứa hẹn hội phát triển bền vững,dự_án thị_trường tập_trung công_nghệ_xanh đổi cải_tiến quy_trình sản_xuất lĩnh_vực hứa_hẹn hội phát_triển bền_vững,2025-05-14 05:09:51+00:00
Chuyển đổi số,thời đại đổi hóa đơn điện tử trở thành công cụ thể đối doanh nghiệp kế toán viên nhiên hóa đơn điện tử lập đầu,thời_đại đổi hoá_đơn điện_tử trở_thành công_cụ_thể đối doanh_nghiệp kế_toán_viên nhiên hoá_đơn điện_tử lập đầu,2025-05-14 02:03:47+00:00
Chuyển đổi số,fpt ký kết hợp tác 300 tập đoàn hàng đầu giới đổi vũ tú giám đốc công nghệ tập đoàn fpt fpt đà nẵng lợi địa lý nhân lực công nghệ fpt dự kiến,fpt ký_kết hợp_tác 300 tập_đoàn hàng_đầu giới đổi vũ tú giám_đốc công_nghệ tập_đoàn fpt fpt đà_nẵng lợi địa_lý nhân_lực công_nghệ fpt dự_kiến,2025-05-13 14:09:47+00:00
Chuyển đổi số,bế mạc lễ khánh thành thư viện đổi 2025 chiều 12052025 bwf ventures tổ chức thành công lễ khánh thành dự án thư viện đổi trường tiểu học vĩnh hy kiện đánh dấu cột mốc quan trọng hành trình,bế_mạc lễ khánh_thành thư_viện đổi 2025 chiều 12052025 bwf ventures tổ_chức thành_công lễ khánh_thành dự_án thư_viện đổi trường tiểu_học vĩnh hy kiện đánh_dấu cột mốc quan_trọng hành_trình,2025-05-13 11:00:01+00:00
Chuyển đổi số,lợi ích sử dụng dịch vụ seo doanh nghiệp thời đại đổi seo search engine optimization chiến lược marketing yếu lvgb2hyskw,lợi_ích sử_dụng dịch_vụ seo doanh_nghiệp thời_đại đổi seo search engine optimization chiến_lược marketing yếu lvgb2hyskw,2025-05-13 10:33:52+00:00
Chuyển đổi số,khoảnh khắc đặc biệt lễ khánh thành thư viện đổi đánh dấu chân đầu tiên hành trình ươm mầm tri thức gieo hạt tương lai bwfventures bwf thuvienchuyendoiso uommamtrithuc gieohattuonglai ktpglobal nguyenvustore teknix csr,khoảnh_khắc đặc_biệt lễ khánh_thành thư_viện đổi đánh_dấu chân đầu_tiên hành_trình ươm mầm tri_thức gieo hạt tương_lai bwfventures bwf thuvienchuyendoiso uommamtrithuc gieohattuonglai ktpglobal nguyenvustore teknix csr,2025-05-13 09:00:02+00:00
Chuyển đổi số,attn token dự án giúp cung đổi hội trao đổi giao dịch công tab giúp minh bạch công cộng đồng,attn token dự_án giúp cung đổi hội trao_đổi giao_dịch công tab giúp minh_bạch công_cộng đồng,2025-05-12 23:17:47+00:00
Chuyển đổi số,khai mạc lễ khánh thành thư viện đổi 15h00 12052025 lễ khánh thành dự án thư viện đổi tổ chức bwf ventures thức khai mạc lễ vinh dự hiện diện quý đại diện ubnd tỉnh ninh thuận đơn,khai_mạc lễ khánh_thành thư_viện đổi 15h00 12052025 lễ khánh_thành dự_án thư_viện đổi tổ_chức bwf ventures thức khai_mạc lễ vinh_dự hiện_diện quý đại_diện ubnd tỉnh ninh_thuận đơn,2025-05-12 11:27:07+00:00
Chuyển đổi số,dự án mạng sui blockchain giúp đẩy phát triển đổi cộng đồng cung tảng ứng dụng phi tập trung dịch vụ trao đổi tài sản blockchain,dự_án mạng sui blockchain giúp đẩy phát_triển đổi cộng_đồng cung tảng ứng_dụng phi tập_trung dịch_vụ trao_đổi tài_sản blockchain,2025-05-12 10:30:00+00:00
Chuyển đổi số,listen to tổng quan định hướng đổi việt nam 2030 by vdi giải pháp tích hợp hệ thống đổi chuyendoiso vdi xuhuớng,listen to tổng_quan định_hướng đổi việt_nam 2030 by vdi giải_pháp tích_hợp hệ_thống đổi chuyendoiso vdi xuhuớng,2025-05-12 08:52:25+00:00
Chuyển đổi số,chương trình đào bình dân học vụ chủ đề phụ nữ thời đại nâng tầm vai trò cán hội đổi cán hội phụ nữ tỉnh hưng yên 13052025,chương_trình đào bình_dân_học_vụ chủ_đề phụ_nữ thời_đại nâng tầm vai_trò cán hội đổi cán hội phụ_nữ tỉnh hưng_yên 13052025,2025-05-12 08:46:46+00:00
Chuyển đổi số,enhancing transparency in construction investment through bim a strategic direction in the digital transformation era công khai hoạt động đầu tư xây dựng mô hình bim hướng đi tất yếu thời đại đổi,enhancing transparency in construction investment through bim a strategic direction in the digital transformation era công_khai hoạt_động đầu_tư xây_dựng mô_hình bim hướng đi tất_yếu thời_đại đổi,2025-05-12 08:46:02+00:00
Chuyển đổi số,cập nhật g thời khắc ta mong chờ bwf ventures mặt vĩnh hy chuẩn công tác tổ chức lễ khánh thành thư viện đổi chiều chờ đón cập nhật bwfventures bwf,cập_nhật g thời_khắc ta mong_chờ bwf ventures mặt vĩnh hy chuẩn công_tác tổ_chức lễ khánh_thành thư_viện đổi chiều chờ đón cập_nhật bwfventures bwf,2025-05-12 05:04:33+00:00
Chuyển đổi số,thách thức triển khai đổi doanh nghiệp,thách_thức triển_khai đổi doanh_nghiệp,2025-05-11 12:51:13+00:00
Chuyển đổi số,inauguration of the digital transformation center in hydraulic engineering khai trương trung tâm đổi kỹ thuật công trình thủy lợi,inauguration of the digital transformation center in hydraulic engineering khai_trương trung_tâm đổi kỹ_thuật công_trình thuỷ_lợi,2025-05-10 02:51:57+00:00
Chuyển đổi số,portcoast and huce cohost seminar on digital transformation for railway infrastructure portcoast trường đại học xây dựng hà nội đồng tổ chức hội thảo đổi hạ tầng đường sắt via,portcoast and huce cohost seminar on digital transformation for railway infrastructure portcoast trường đại_học xây_dựng hà_nội đồng tổ_chức hội_thảo đổi hạ_tầng đường_sắt via,2025-05-10 02:31:33+00:00
Chuyển đổi số,portcoast presents digital solutions to support smart transportation development in da nang portcoast giới thiệu giải pháp đổi hỗ trợ phát triển hệ thống giao thông thông minh đà nẵng,portcoast presents digital solutions to support smart transportation development in da nang portcoast giới_thiệu giải_pháp đổi hỗ_trợ phát_triển hệ_thống giao_thông thông_minh đà_nẵng,2025-05-10 02:13:45+00:00
Chuyển đổi số,portcoast drives digital transformation at hoa phat steel plant dung quat towards smart and sustainable industry portcoast thúc đẩy đổi máy thép hòa phát dung quất hướng công nghiệp thông minh bền vững,portcoast drives digital transformation at hoa phat steel plant dung quat towards smart and sustainable industry portcoast thúc_đẩy đổi máy thép hoà phát dung quất hướng công_nghiệp thông_minh bền_vững,2025-05-10 02:10:43+00:00
Chuyển đổi số,khánh thành thư viện đổi ninh thuận dự án ươm mầm tri thức gieo hạt tương lai 12052025 trường tiểu học vĩnh hy ninh hải ninh thuận bwf ventures phối hợp ktp global thức tổ chức lễ khánh thành thư viện,khánh_thành thư_viện đổi ninh_thuận dự_án ươm mầm tri_thức gieo hạt tương_lai 12052025 trường tiểu_học vĩnh hy ninh_hải ninh_thuận bwf ventures phối_hợp ktp global thức tổ_chức lễ khánh_thành thư_viện,2025-05-09 08:11:26+00:00
Chuyển đổi số,trai trump cảnh báo ngân hàng đổi tuyệt chủng hôm 9 ngân hàng chi 33 nghìn tỷ vnđ tiền mặt cổ tức ràng bọn ngân hàng tương lai mấy sủa mắt đen tối,trai trump cảnh_báo ngân_hàng đổi tuyệt_chủng hôm 9 ngân_hàng chi 33 nghìn tỷ vnđ tiền_mặt cổ_tức ràng bọn ngân_hàng tương_lai mấy sủa mắt đen_tối,2025-05-09 07:24:34+00:00
Chuyển đổi số,doanh nghiệp đổi thời đại doanh nghiệp truyền thống hoạt động kỷ nguyên cũ kỹ hồ sơ kiểm toán nằm giấy tờ quy trình quản lý thủ công kết nối liệu,doanh_nghiệp đổi thời_đại doanh_nghiệp truyền_thống hoạt_động kỷ_nguyên cũ_kỹ hồ_sơ kiểm_toán nằm giấy_tờ quy_trình quản_lý thủ_công kết_nối liệu,2025-05-09 03:29:47+00:00
Giáo dục,xây dựng solana tận dụng tốc độ chi phí ứng dụng thực tế truyền phát nội dung 3d giáo dục y tế giải trí metaverse,xây_dựng solana tận_dụng tốc_độ chi_phí ứng_dụng thực_tế truyền phát nội_dung 3d giáo_dục y_tế giải_trí metaverse,2025-05-15 15:59:18+00:00
Giáo dục,viết giáo dục ơn khôn ngoan chia sẻ julian mckelvin,viết giáo_dục ơn khôn_ngoan chia_sẻ julian mckelvin,2025-05-15 15:46:56+00:00
Giáo dục,dự án phát triển năng tái xây dựng hạ tầng giao thông cải thiện chất giáo dục trọng thúc đẩy kinh tế môi trường bền vững,dự_án phát_triển năng tái xây_dựng hạ_tầng giao_thông cải_thiện chất giáo_dục trọng thúc_đẩy kinh_tế môi_trường bền_vững,2025-05-15 14:56:09+00:00
Giáo dục,ko ng giỏi giỏi ko hệ thống giáo dục nam tàu,ko ng giỏi giỏi ko hệ_thống giáo_dục nam tàu,2025-05-15 14:43:22+00:00
Giáo dục,viết giáo dục khuyên giá trị vàng cảm ơn graig wohlwendi,viết giáo_dục khuyên giá_trị vàng cảm_ơn graig wohlwendi,2025-05-15 14:21:09+00:00
Giáo dục,3 cầu nối web2 áp dụng tảng truyền thống xác minh danh thu thập thông cá nhân ngân hàng tuyển dụng hệ thống giáo dục vv,3 cầu_nối web2 áp_dụng tảng truyền_thống xác_minh danh thu_thập thông cá_nhân ngân_hàng tuyển_dụng hệ_thống giáo_dục vv,2025-05-15 14:01:43+00:00
Giáo dục,hùng nhí giải cứu trái đất ecoheroes game web3 giáo dục bảo vệ môi trường sắc màu read more web3game,hùng nhí giải_cứu trái_đất ecoheroes game web3 giáo_dục bảo_vệ môi_trường sắc_màu read more web3game,2025-05-15 13:58:59+00:00
Giáo dục,mảng mặt mexc giáo dục thể thao kkk,mảng mặt mexc giáo_dục thể_thao kkk,2025-05-15 13:29:04+00:00
Giáo dục,công nghệ arvr xu hướng trưởng mẽ trải nghiệm immersive lĩnh vực giải trí giáo dục y tế,công_nghệ arvr xu_hướng trưởng mẽ trải_nghiệm immersive lĩnh_vực giải_trí giáo_dục y_tế,2025-05-15 13:17:20+00:00
Giáo dục,quỹ thiện kết nối trường học benin starlink thúc đẩy bình đẳng kỹ thuật kiến cầu nối hy vọng giáo dục công nghệ nhân văn chi tiết,quỹ thiện kết_nối trường_học benin starlink thúc_đẩy bình_đẳng kỹ_thuật_kiến cầu_nối hy_vọng giáo_dục công_nghệ nhân_văn chi_tiết,2025-05-15 12:23:32+00:00
Giáo dục,gpt5 khả năng cải thiện tương tác ngườimáy hỗ trợ giáo dục nội dung dịch thuật trải nghiệm tối ưu,gpt5 khả_năng cải_thiện tương_tác ngườimáy hỗ_trợ giáo_dục nội_dung dịch_thuật trải_nghiệm tối_ưu,2025-05-15 12:09:47+00:00
Giáo dục,internet công an ca diện 18 nghệ an giương cờ vnch đại sứ quán vn london xử lý gọi thông báo sai phạm dụ dỗ lôi kéo đề nghị phối hợp quản lý giáo dục nkyn,internet công_an ca diện 18 nghệ_an giương cờ vnch đại_sứ_quán vn london xử_lý gọi thông báo sai_phạm dụ_dỗ lôi_kéo đề_nghị phối_hợp quản_lý giáo_dục nkyn,2025-05-15 11:47:10+00:00
Giáo dục,quan nữasách giáo khoa giả bố ơi1 quốc gia y tế giáo dục ại diện phát triển ất nam hiện y tế giáo dục toàn lãnh đạo hủy diệt 1 nhẫn tâm,quan nữasách giáo_khoa giả bố ơi1 quốc_gia y_tế giáo_dục ại diện phát_triển ất nam hiện y_tế giáo_dục toàn lãnh_đạo huỷ_diệt 1 nhẫn_tâm,2025-05-15 10:27:57+00:00
Giáo dục,cạnh lĩnh vực sức khỏe susan kinh doanh lĩnh vực giáo dục thể hợp tác susan 1 2 2 tiền vốn liên hệ susan chi tiết flex45 51365,cạnh lĩnh_vực sức_khoẻ susan kinh_doanh lĩnh_vực giáo_dục_thể hợp_tác susan 1 2 2 tiền vốn liên_hệ susan chi_tiết flex45 51365,2025-05-15 10:13:03+00:00
Giáo dục,sách giáo khoa giả tiếp nối xã hội y tế giáo dục 1 quốc gia 2 yếu tố y tế giáo dục tồi tệ mãi mãi mãi mãi 1quốc gia phát triển,sách_giáo_khoa giả tiếp_nối xã_hội y_tế giáo_dục 1 quốc_gia 2 yếu_tố y_tế giáo_dục tồi_tệ mãi_mãi mãi_mãi 1quốc gia phát_triển,2025-05-15 09:53:36+00:00
Giáo dục,mùa tuyển sinh đại học 2025 giáo dục amp đào mong siết tiêu tuyển sinh trường đại học tối đa 20,mùa tuyển_sinh đại_học 2025 giáo_dục amp đào mong siết tiêu tuyển_sinh trường đại_học tối_đa 20,2025-05-15 09:48:42+00:00
Giáo dục,video khói trắng móng học viện công giáo đức giám mục phêrô nguyễn văn khảm,video khói trắng móng học_viện công_giáo đức giám_mục phêrô nguyễn_văn khảm,2025-05-15 09:30:17+00:00
Giáo dục,phương pháp giáo dục nuôi dạy hiệu giúp trẻ,phương_pháp giáo_dục nuôi dạy hiệu giúp trẻ,2025-05-15 08:18:21+00:00
Giáo dục,giáo dục cộng đồng hành xử trách nhiệm,giáo_dục cộng_đồng hành_xử trách_nhiệm,2025-05-15 07:54:15+00:00
Giáo dục,vấn đề nhân giáo dục í đàng quàng ko,vấn_đề nhân giáo_dục í đàng quàng ko,2025-05-15 07:26:13+00:00
Giáo dục,nguyên nhân tình trạng nàygiáo dục quan trọngcuộc sống gia đình ảnh hưởng sống tinh thần trẻ emức chế chấn tâm lý,nguyên_nhân tình_trạng nàygiáo dục quan trọngcuộc sống gia_đình ảnh_hưởng sống tinh_thần trẻ emức chế chấn tâm_lý,2025-05-15 06:31:05+00:00
Giáo dục,viết giáo dục cảm ơn thiết yếu hành trình marya koverman,viết giáo_dục cảm_ơn thiết_yếu hành_trình marya koverman,2025-05-15 06:24:29+00:00
Giáo dục,viết giáo dục trí tuệ hải đăng bóng tối cảm ơn alonso bowery,viết giáo_dục trí_tuệ hải_đăng bóng_tối cảm_ơn alonso bowery,2025-05-15 06:03:47+00:00
Giáo dục,kết giáo dục cộng sản đấu tranh,kết giáo_dục cộng_sản đấu_tranh,2025-05-15 05:54:57+00:00
Giáo dục,jack dorsey tuyên bố doanh nghiệp thể trở thành ngân hàng bitcoin btc 23 thông báo block dorsey đóng góp 1m giáo dục bitcoin tái định hướng lực công ty btc jackdorsey cryptonews blockchain,jack dorsey tuyên_bố doanh_nghiệp_thể trở_thành ngân_hàng bitcoin btc 23 thông_báo block dorsey đóng_góp 1m giáo_dục bitcoin tái định_hướng_lực công_ty btc jackdorsey cryptonews blockchain,2025-05-15 05:00:00+00:00
Giáo dục,đường chu văn an tuyến đường nổi bật hà nội giáo chu văn an đóng góp lịch sử giáo dục việt nam,đường chu văn an tuyến đường nổi_bật hà_nội_giáo chu văn an đóng_góp lịch_sử giáo_dục việt_nam,2025-05-15 04:27:17+00:00
Giáo dục,giáo dục ảo giáo dục tương lai,giáo_dục ảo giáo_dục tương_lai,2025-05-15 03:35:56+00:00
Giáo dục,trường nho giáo jeonju hyanggyo di tích lịch sử đời bảo tồn giá trị văn hóa giáo dục truyền thống hàn quốc đừng lỡ ngân hạnh 420 lễ nho giáo đặc sắc korea travel epictrail,trường nho_giáo jeonju hyanggyo di_tích lịch_sử đời bảo_tồn giá_trị văn_hoá giáo_dục truyền_thống hàn_quốc đừng lỡ ngân hạnh 420 lễ nho_giáo đặc_sắc korea travel epictrail,2025-05-15 03:04:00+00:00
Giáo dục,hội nghị giáo dục kỹ thuật giới 2025 thức khai mạc vũ hán chuyên gia sinh viên đam mê kỹ thuật hội tụ khám phá xu hướng giáo dục hiện đại phó thủ tướng trung quốc nhấn tầm quan trọng,hội_nghị giáo_dục kỹ_thuật giới 2025 thức khai_mạc vũ hán chuyên_gia sinh_viên đam_mê kỹ_thuật hội_tụ khám_phá xu_hướng giáo_dục hiện_đại phó thủ_tướng trung_quốc nhấn tầm quan_trọng,2025-05-15 02:29:44+00:00
Giáo dục,ta tập trung phát triển giáo dục nâng trình độ dân trí nhân lực chất,ta tập_trung phát_triển giáo_dục nâng trình_độ dân_trí nhân_lực chất,2025-05-15 02:14:14+00:00
Giáo dục,học tập nhật cải giáo dục mô thức thực tế lạc hậu thành tiên tiến,học_tập nhật cải giáo_dục mô_thức thực_tế lạc_hậu thành tiên_tiến,2025-05-15 01:26:54+00:00
Giáo dục,ta thể xây dựng tương lai đẹp đầu tư giáo dục phát triển kinh tế bền vững bảo vệ môi trường sống,ta thể xây_dựng tương_lai đẹp đầu_tư giáo_dục phát_triển kinh_tế bền_vững bảo_vệ môi_trường sống,2025-05-15 01:25:24+00:00
Giáo dục,đầu tư giáo dục giúp nâng kiến thức phát triển kỹ năng thành công nghiệp sống,đầu_tư giáo_dục giúp nâng kiến_thức phát_triển kỹ_năng thành_công_nghiệp sống,2025-05-15 01:13:16+00:00
Giáo dục,cộng đồng việt tị nạn cộng sản ức châu mẽ dứt khoát khoan nhượng vấn đề cộng sản sản xuất hành động dạy vô giáo dục cộng đồng việt luận,cộng_đồng việt tị_nạn cộng_sản ức châu mẽ dứt_khoát khoan_nhượng vấn_đề cộng_sản sản_xuất hành_động dạy vô_giáo_dục cộng_đồng việt luận,2025-05-15 01:09:19+00:00
Giáo dục,giáo dục 2025,giáo_dục 2025,2025-05-15 00:02:17+00:00
Giáo dục,giáo dục đóng vai trò then chốt phát triển giúp cá nhân khai phá tiềm năng đóng góp xã hội,giáo_dục đóng vai_trò then_chốt phát_triển giúp cá_nhân khai_phá tiềm_năng đóng_góp xã_hội,2025-05-15 00:00:48+00:00
Giáo dục,phát triển giáo dục tảng tiến xã hội giúp kiến thức kỹ năng góp xây dựng đất giàu,phát_triển giáo_dục tảng tiến xã_hội giúp kiến_thức kỹ_năng góp xây_dựng đất giàu,2025-05-14 23:46:08+00:00
Giáo dục,tọa đàm 145 gdđt ghi kiến khăn giải trường đại học đại học hướng sửa đổi luật giáo dục đại học tháo gỡ bất cập,toạ_đàm 145 gdđt ghi kiến khăn giải trường đại_học đại_học hướng sửa_đổi luật_giáo_dục đại_học tháo_gỡ bất_cập,2025-05-14 22:59:46+00:00
Giáo dục,tan học học sinh giáo dục mỹ 2025 sống mỹ via,tan học học_sinh giáo_dục mỹ 2025 sống mỹ via,2025-05-14 22:35:27+00:00
Giáo dục,viết giáo dục sâu sắc phong phú sống cảm ơn shantae eastlick,viết giáo_dục sâu_sắc phong_phú sống cảm_ơn shantae eastlick,2025-05-14 21:16:41+00:00
Tuyển sinh,tuyển sinh đại học 2025 xét học bạ câu tuyển sinh đại học 2025 xét học bạ hiện thí sinh quan tâm kỳ thi thay đổi quy chế tuyển sinh,tuyển_sinh đại_học 2025 xét học_bạ câu tuyển_sinh đại_học 2025 xét học_bạ hiện thí_sinh quan_tâm kỳ thi thay_đổi quy_chế tuyển_sinh,2025-05-15 09:58:53+00:00
Tuyển sinh,thức tuyển sinh đại học 2025 thời hiện thức tuyển sinh đại học 2025 thay đổi quan tâm hàng đầu giáo viên phụ huynh học sinh,_thức tuyển_sinh đại_học 2025 thời hiện thức tuyển_sinh đại_học 2025 thay_đổi quan_tâm hàng_đầu giáo_viên phụ_huynh học_sinh,2025-05-15 09:56:58+00:00
Tuyển sinh,phương thức tuyển sinh đại học 2025 đứng thay đổi quy chế xét tuyển học trường đại học chủ động chỉnh phương thức tuyển sinh đại học 2025,phương_thức tuyển_sinh đại_học 2025 đứng thay_đổi quy_chế xét tuyển học trường đại_học chủ_động chỉnh phương_thức tuyển_sinh đại_học 2025,2025-05-15 09:56:02+00:00
Tuyển sinh,thời hiện trường đại học bắt đầu công bố phương án tuyển sinh đại học 2025 phụ huynh học sinh tham khảo,thời hiện_trường đại_học bắt_đầu công_bố phương_án tuyển_sinh đại_học 2025 phụ_huynh học_sinh tham_khảo,2025-05-15 09:53:54+00:00
Tuyển sinh,sở giáo dục đào đà nẵng công bố liệu thức tình hình đăng ký tuyển sinh lớp 10 trường thpt công lập toàn thành phố link,sở giáo_dục đào đà_nẵng công_bố liệu thức tình_hình đăng_ký tuyển_sinh lớp 10 trường thpt công_lập toàn thành_phố link,2025-05-14 10:14:02+00:00
Tuyển sinh,thay đổi quan trọng thí sinh nắm vững kỳ thi tuyển sinh đại học 2025,thay_đổi quan_trọng thí_sinh nắm vững kỳ thi_tuyển sinh đại_học 2025,2025-05-14 06:46:49+00:00
Tuyển sinh,đẳng công nghệ y dược việt nam công bố phương thức tuyển sinh đẳng y sĩ đa khoa,đẳng công_nghệ y_dược việt_nam công_bố phương_thức tuyển_sinh đẳng y_sĩ đa_khoa,2025-05-14 00:46:53+00:00
Tuyển sinh,cảnh báo chiêu trò tinh vi lừa đảo mùa tuyển sinh,cảnh_báo chiêu trò tinh_vi lừa_đảo mùa tuyển_sinh,2025-05-13 15:16:16+00:00
Tuyển sinh,thi tuyển sinh đc r,thi_tuyển sinh đc r,2025-05-13 13:23:00+00:00
Tuyển sinh,quy chế tuyển sinh xác định tiêu tuyển sinh học 2024 2025,quy_chế tuyển_sinh xác_định tiêu tuyển_sinh học 2024 2025,2025-05-13 08:08:02+00:00
Tuyển sinh,trường đẳng dược sài gòn tuyển sinh khóa văn 2 đẳng dược sài gòn thời gian học 20 quy học 7 chủ nhật,trường đẳng dược sài_gòn tuyển_sinh khoá văn 2 đẳng dược sài_gòn thời_gian học 20 quy học 7 chủ_nhật,2025-05-13 07:02:00+00:00
Tuyển sinh,xét học bạ học bổng hội vi vu việt nam chương trình áp dụng 31052025 đăng ký vanhienuniversity daihocvanhien vhu,xét học_bạ học_bổng hội vi_vu việt_nam chương_trình áp_dụng 31052025 đăng_ký vanhienuniversity daihocvanhien vhu,2025-05-13 07:00:56+00:00
Tuyển sinh,cảnh báo lừa đảo cập nhật thông tuyển sinh,cảnh_báo lừa_đảo cập_nhật thông tuyển_sinh,2025-05-13 00:20:58+00:00
Tuyển sinh,ngành thành công vững hướng nghiệp kỳ tuyển sinh,ngành thành_công vững hướng_nghiệp kỳ tuyển_sinh,2025-05-12 07:27:04+00:00
Tuyển sinh,xưởng may balo bé lớp 1 in logo quà tặng tuyển sinh liên hệ hotline 0949 026 292 0919 235 104 website youtube,xưởng may balo bé lớp 1 in logo quà tặng tuyển_sinh liên_hệ hotline 0949 026 292 0919 235 104 website youtube,2025-05-12 04:14:01+00:00
Tuyển sinh,tuyển sinh đào đẳng ngành dưỡng chuyên ngành nha khoa sài gòn,tuyển_sinh đào đẳng ngành dưỡng chuyên_ngành nha_khoa sài_gòn,2025-05-12 04:14:00+00:00
Tuyển sinh,lĩnh vực y tế công ổn định thu nhập hội phát triển thân dưỡng chuyên ngành nha khoa lựa lý tưởng,lĩnh_vực y_tế công ổn_định thu_nhập hội phát_triển thân dưỡng chuyên_ngành nha_khoa lựa lý_tưởng,2025-05-12 03:15:17+00:00
Tuyển sinh,tất lịch tuyển sinh tương lai hoàn toàn dựa năng lực chủng tộc dân tộc giới xét sĩ quan giỏi giỏi nhấtchấm,tất lịch tuyển_sinh tương_lai hoàn_toàn dựa năng_lực chủng_tộc dân_tộc giới xét sĩ_quan giỏi giỏi nhấtchấm,2025-05-11 13:09:29+00:00
Tuyển sinh,phiếu tuyển sinh via,phiếu tuyển_sinh via,2025-05-11 12:11:16+00:00
Tuyển sinh,2342025 sở giáo dục amp đào tphcm công bố quy định tuyển thẳng tuyển sinh lớp 10 học 20252026,2342025 sở giáo_dục amp đào tphcm công_bố quy_định tuyển thẳng tuyển_sinh lớp 10 học 20252026,2025-05-11 07:53:07+00:00
Tuyển sinh,tuyển sinh đẳng y dược miễn 100 học phí 2024,tuyển_sinh đẳng y_dược miễn 100 học_phí 2024,2025-05-11 01:12:00+00:00
Tuyển sinh,xét tuyển văn 2 đẳng dược sài gòn hệ 20 nghiệp đẳng quy học lớp 7 chủ nhật tuyển sinh văn 2 đẳng,xét tuyển văn 2 đẳng dược sài_gòn hệ 20 nghiệp đẳng quy học lớp 7 chủ_nhật tuyển_sinh văn 2 đẳng,2025-05-10 00:14:00+00:00
Tuyển sinh,tuyển sinh quảng cáo mãi học viên đơn độc trường học trung tâm đau đầu lớp chi tiền chạy ads tỉ lệ đổi seo xây kênh học,tuyển_sinh quảng_cáo mãi học_viên đơn_độc trường_học trung_tâm đau_đầu lớp chi tiền chạy ads tỉ_lệ đổi seo xây kênh học,2025-05-09 09:01:48+00:00
Tuyển sinh,kiện đào trình độ đại học ngành tuyển sinh tối thiểu 3 khóa quy,kiện đào trình_độ đại_học ngành tuyển_sinh tối_thiểu 3 khoá quy,2025-05-09 08:33:19+00:00
Tuyển sinh,công điện tổ chức kỳ thi nghiệp thpt tuyển sinh đầu giáo dục phổ thông 2025,công_điện tổ_chức kỳ thi nghiệp thpt tuyển_sinh đầu giáo_dục_phổ_thông 2025,2025-05-09 06:03:31+00:00
Tuyển sinh,chế tuyển sinh 2025 đẳng dược đà nẵng,chế tuyển_sinh 2025 đẳng dược đà_nẵng,2025-05-09 03:24:26+00:00
